"pic1.png",1,1,"00JHjm"
"pic1.png",1,2,"96JHjmyG"
"pic1.png",1,3,"I7JHjmt.~A"
"pic1.png",1,4,"R7JHjmt.~A?c"
"pic1.png",1,5,"a7JHjmt.~A?cWA"
"pic1.png",1,6,"j7JHjmt.~A?cWAxa"
"pic1.png",1,7,"s7JHjmt.~A?cWAxaRj"
"pic1.png",1,8,"$7JHjmt.~A?cWAxaRj-:"
"pic1.png",2,1,"17JHjmHb"
"pic1.png",2,2,"A7JHjmHbt.,;"
"pic1.png",2,3,"J7JHjmHbt.,;~AxH"
"pic1.png",2,4,"S7JHjmHbt.,;~AxH?c%1"
"pic1.png",2,5,"b7JHjmHbt.,;~AxH?c%1WAtl"
"pic1.png",2,6,"k7JHjmHbt.,;~AxH?c%1WAtlxa?a"
"pic1.png",2,7,"t7JHjmHbt.,;~AxH?c%1WAtlxa?aRjNy"
"pic1.png",2,8,"%7JHjmHbt.,;~AxH?c%1WAtlxa?aRjNy-:-:"
"pic1.png",3,1,"2RJHjmR700"
"pic1.png",3,2,"BRJHjmR700o#smR+"
"pic1.png",3,3,"KRJHjmR700o#smR+%1oMWC"
"pic1.png",3,4,"TRJHjmR700o#smR+%1oMWCxus:Rj"
"pic1.png",3,5,"cRJHjmR700o#smR+%1oMWCxus:Rjaxozs-"
"pic1.png",3,6,"lRJHjmR700o#smR+%1oMWCxus:Rjaxozs-ofxaay"
"pic1.png",3,7,"uRJHjmR700o#smR+%1oMWCxus:Rjaxozs-ofxaayWUWYWB"
"pic1.png",3,8,"*RJHjmR700o#smR+%1oMWCxus:Rjaxozs-ofxaayWUWYWBt7t7j]"
"pic1.png",4,1,"3aJHjmVu8_~p"
"pic1.png",4,2,"CaJHjmVu8_~po#smR+a~"
"pic1.png",4,3,"LaJHjmVu8_~po#smR+a~xaoLWCRj"
"pic1.png",4,4,"UaJHjmVu8_~po#smR+a~xaoLWCRjt8ofRjWY"
"pic1.png",4,5,"daJHjmVu8_~po#smR+a~xaoLWCRjt8ofRjWYaxofoda~"
"pic1.png",4,6,"maJHjmVu8_~po#smR+a~xaoLWCRjt8ofRjWYaxofoda~oet7ayoe"
"pic1.png",4,7,"vaJHjmVu8_~po#smR+a~xaoLWCRjt8ofRjWYaxofoda~oet7ayoeWVWXayWC"
"pic1.png",4,8,"+aJHjmVu8_~po#smR+a~xaoLWCRjt8ofRjWYaxofoda~oet7ayoeWVWXayWCt6t6j[ay"
"pic1.png",5,1,"4aJHjmVu8_~pXA"
"pic1.png",5,2,"DaJHjmVu8_~pXAo#smR+a~tR"
"pic1.png",5,3,"MaJHjmVu8_~pXAo#smR+a~tRxaoLWCRjxt"
"pic1.png",5,4,"VaJHjmVu8_~pXAo#smR+a~tRxaoLWCRjxtt8ofRjWYRj"
"pic1.png",5,5,"eaJHjmVu8_~pXAo#smR+a~tRxaoLWCRjxtt8ofRjWYRjaxofoda~j]"
"pic1.png",5,6,"naJHjmVu8_~pXAo#smR+a~tRxaoLWCRjxtt8ofRjWYRjaxofoda~j]oet7ayoeWD"
"pic1.png",5,7,"waJHjmVu8_~pXAo#smR+a~tRxaoLWCRjxtt8ofRjWYRjaxofoda~j]oet7ayoeWDWVWXayWCs:"
"pic1.png",5,8,",aJHjmVu8_~pXAo#smR+a~tRxaoLWCRjxtt8ofRjWYRjaxofoda~j]oet7ayoeWDWVWXayWCs:t6t6j[ayR*"
"pic1.png",6,1,"5aJHjmVu8_~pXA8_"
"pic1.png",6,2,"EaJHjmVu8_~pXA8_o#smR+a~tRRj"
"pic1.png",6,3,"NaJHjmVu8_~pXA8_o#smR+a~tRRjxaoLWCRjxtt7"
"pic1.png",6,4,"WaJHjmVu8_~pXA8_o#smR+a~tRRjxaoLWCRjxtt7t8ofRjWYRjjZ"
"pic1.png",6,5,"faJHjmVu8_~pXA8_o#smR+a~tRRjxaoLWCRjxtt7t8ofRjWYRjjZaxofoda~j]oL"
"pic1.png",6,6,"oaJHjmVu8_~pXA8_o#smR+a~tRRjxaoLWCRjxtt7t8ofRjWYRjjZaxofoda~j]oLoet7ayoeWDa#"
"pic1.png",6,7,"xaJHjmVu8_~pXA8_o#smR+a~tRRjxaoLWCRjxtt7t8ofRjWYRjjZaxofoda~j]oLoet7ayoeWDa#WVWXayWCs:jZ"
"pic1.png",6,8,"-aJHjmVu8_~pXA8_o#smR+a~tRRjxaoLWCRjxtt7t8ofRjWYRjjZaxofoda~j]oLoet7ayoeWDa#WVWXayWCs:jZt6t6j[ayR*V["
"pic1.png",7,1,"6aJHjmVu8_~pXA8_R%"
"pic1.png",7,2,"FaJHjmVu8_~pXA8_R%o#smR+a~tRRjoe"
"pic1.png",7,3,"OaJHjmVu8_~pXA8_R%o#smR+a~tRRjoexaoLWCRjxtt7Rj"
"pic1.png",7,4,"XaJHjmVu8_~pXA8_R%o#smR+a~tRRjoexaoLWCRjxtt7Rjt8ofRjWYRjjZjc"
"pic1.png",7,5,"gaJHjmVu8_~pXA8_R%o#smR+a~tRRjoexaoLWCRjxtt7Rjt8ofRjWYRjjZjcaxofoda~j]oLo1"
"pic1.png",7,6,"paJHjmVu8_~pXA8_R%o#smR+a~tRRjoexaoLWCRjxtt7Rjt8ofRjWYRjjZjcaxofoda~j]oLo1oet7ayoeWDa#jt"
"pic1.png",7,7,"yaJHjmVu8_~pXA8_R%o#smR+a~tRRjoexaoLWCRjxtt7Rjt8ofRjWYRjjZjcaxofoda~j]oLo1oet7ayoeWDa#jtWVWXayWCs:jZWA"
"pic1.png",7,8,".aJHjmVu8_~pXA8_R%o#smR+a~tRRjoexaoLWCRjxtt7Rjt8ofRjWYRjjZjcaxofoda~j]oLo1oet7ayoeWDa#jtWVWXayWCs:jZWAt6t6j[ayR*V[oK"
"pic1.png",8,1,"7aJHjmVu8_~pXA8_R%f+"
"pic1.png",8,2,"GaJHjmVu8_~pXA8_R%f+o#smR+a~tRRjoeNG"
"pic1.png",8,3,"PaJHjmVu8_~pXA8_R%f+o#smR+a~tRRjoeNGxaoLWCRjxtt7Rjoc"
"pic1.png",8,4,"YaJHjmVu8_~pXA8_R%f+o#smR+a~tRRjoeNGxaoLWCRjxtt7Rjoct8ofRjWYRjjZjcaf"
"pic1.png",8,5,"haJHjmVu8_~pXA8_R%f+o#smR+a~tRRjoeNGxaoLWCRjxtt7Rjoct8ofRjWYRjjZjcafaxofoda~j]oLo1t7"
"pic1.png",8,6,"qaJHjmVu8_~pXA8_R%f+o#smR+a~tRRjoeNGxaoLWCRjxtt7Rjoct8ofRjWYRjjZjcafaxofoda~j]oLo1t7oet7ayoeWDa#jtWE"
"pic1.png",8,7,"zaJHjmVu8_~pXA8_R%f+o#smR+a~tRRjoeNGxaoLWCRjxtt7Rjoct8ofRjWYRjjZjcafaxofoda~j]oLo1t7oet7ayoeWDa#jtWEWVWXayWCs:jZWAaf"
"pic1.png",8,8,":aJHjmVu8_~pXA8_R%f+o#smR+a~tRRjoeNGxaoLWCRjxtt7Rjoct8ofRjWYRjjZjcafaxofoda~j]oLo1t7oet7ayoeWDa#jtWEWVWXayWCs:jZWAaft6t6j[ayR*V[oKs:"
"pic2.png",1,1,"00MF%n"
"pic2.png",1,2,"93MF%n4N"
"pic2.png",1,3,"I3MF%n4N0f"
"pic2.png",1,4,"R5MF%n8D9t4T"
"pic2.png",1,5,"a5MF%n8D9t4T^j"
"pic2.png",1,6,"j5MF%n8D9t4T^j~B"
"pic2.png",1,7,"s5MF%n8D9t4T^j~BJ7"
"pic2.png",1,8,"$5MF%n8D9t4T^j~BJ7-U"
"pic2.png",2,1,"1lMF%n00"
"pic2.png",2,2,"AlMF%n00S|WC"
"pic2.png",2,3,"JlMF%n00S|WCR*bb"
"pic2.png",2,4,"SlMF%n00S|WCR*bbRjof"
"pic2.png",2,5,"blMF%n00S|WCR*bbRjofs:of"
"pic2.png",2,6,"klMF%n00S|WCR*bbRjofs:ofs:js"
"pic2.png",2,7,"tlMF%n00S|WCR*bbRjofs:ofs:jsWVf8"
"pic2.png",2,8,"%lMF%n00S|WCR*bbRjofs:ofs:jsWVf8oLj["
"pic2.png",3,1,"2lMF%n00%#"
"pic2.png",3,2,"BlMF%n00%#S|WCWE"
"pic2.png",3,3,"KlMF%n00%#S|WCWER*bbWB"
"pic2.png",3,4,"TlMF%n00%#S|WCWER*bbWBRjofs."
"pic2.png",3,5,"clMF%n00%#S|WCWER*bbWBRjofs.s:ofjs"
"pic2.png",3,6,"llMF%n00%#S|WCWER*bbWBRjofs.s:ofjss:jsWC"
"pic2.png",3,7,"ulMF%n00%#S|WCWER*bbWBRjofs.s:ofjss:jsWCWVf8j@"
"pic2.png",3,8,"*lMF%n00%#S|WCWER*bbWBRjofs.s:ofjss:jsWCWVf8j@oLj[az"
"pic2.png",4,1,"3lMF%n00%#Mw"
"pic2.png",4,2,"ClMF%n00%#MwS|WCWEM{"
"pic2.png",4,3,"LlMF%n00%#MwS|WCWEM{R*bbWBbH"
"pic2.png",4,4,"UlMF%n00%#MwS|WCWEM{R*bbWBbHRjofs.R*"
"pic2.png",4,5,"dlMF%n00%#MwS|WCWEM{R*bbWBbHRjofs.R*s:ofjsof"
"pic2.png",4,6,"mlMF%n00%#MwS|WCWEM{R*bbWBbHRjofs.R*s:ofjsofs:jsWCfQ"
"pic2.png",4,7,"vlMF%n00%#MwS|WCWEM{R*bbWBbHRjofs.R*s:ofjsofs:jsWCfQWVf8j@js"
"pic2.png",4,8,"+lMF%n00%#MwS|WCWEM{R*bbWBbHRjofs.R*s:ofjsofs:jsWCfQWVf8j@jsoLj[azj?"
"pic2.png",5,1,"4lMF%n00%#Mwo}"
"pic2.png",5,2,"DlMF%n00%#Mwo}S|WCWEM{a$"
"pic2.png",5,3,"MlMF%n00%#Mwo}S|WCWEM{a$R*bbWBbHfl"
"pic2.png",5,4,"VlMF%n00%#Mwo}S|WCWEM{a$R*bbWBbHflRjofs.R*R+"
"pic2.png",5,5,"elMF%n00%#Mwo}S|WCWEM{a$R*bbWBbHflRjofs.R*R+s:ofjsofbF"
"pic2.png",5,6,"nlMF%n00%#Mwo}S|WCWEM{a$R*bbWBbHflRjofs.R*R+s:ofjsofbFs:jsWCfQjZ"
"pic2.png",5,7,"wlMF%n00%#Mwo}S|WCWEM{a$R*bbWBbHflRjofs.R*R+s:ofjsofbFs:jsWCfQjZWVf8j@jsjs"
"pic2.png",5,8,",lMF%n00%#Mwo}S|WCWEM{a$R*bbWBbHflRjofs.R*R+s:ofjsofbFs:jsWCfQjZWVf8j@jsjsoLj[azj?j["
"pic2.png",6,1,"5lMF%n00%#Mwo}wb"
"pic2.png",6,2,"ElMF%n00%#Mwo}wbS|WCWEM{a$s."
"pic2.png",6,3,"NlMF%n00%#Mwo}wbS|WCWEM{a$s.R*bbWBbHflax"
"pic2.png",6,4,"WlMF%n00%#Mwo}wbS|WCWEM{a$s.R*bbWBbHflaxRjofs.R*R+ax"
"pic2.png",6,5,"flMF%n00%#Mwo}wbS|WCWEM{a$s.R*bbWBbHflaxRjofs.R*R+axs:ofjsofbFWB"
"pic2.png",6,6,"olMF%n00%#Mwo}wbS|WCWEM{a$s.R*bbWBbHflaxRjofs.R*R+axs:ofjsofbFWBs:jsWCfQjZWC"
"pic2.png",6,7,"xlMF%n00%#Mwo}wbS|WCWEM{a$s.R*bbWBbHflaxRjofs.R*R+axs:ofjsofbFWBs:jsWCfQjZWCWVf8j@jsjsa|"
"pic2.png",6,8,"-lMF%n00%#Mwo}wbS|WCWEM{a$s.R*bbWBbHflaxRjofs.R*R+axs:ofjsofbFWBs:jsWCfQjZWCWVf8j@jsjsa|oLj[azj?j[f6"
"pic2.png",7,1,"6lMF%n00%#Mwo}wbtR"
"pic2.png",7,2,"FlMF%n00%#Mwo}wbtRS|WCWEM{a$s.WB"
"pic2.png",7,3,"OlMF%n00%#Mwo}wbtRS|WCWEM{a$s.WBR*bbWBbHflaxt7"
"pic2.png",7,4,"XlMF%n00%#Mwo}wbtRS|WCWEM{a$s.WBR*bbWBbHflaxt7Rjofs.R*R+axR+"
"pic2.png",7,5,"glMF%n00%#Mwo}wbtRS|WCWEM{a$s.WBR*bbWBbHflaxt7Rjofs.R*R+axR+s:ofjsofbFWBfl"
"pic2.png",7,6,"plMF%n00%#Mwo}wbtRS|WCWEM{a$s.WBR*bbWBbHflaxt7Rjofs.R*R+axR+s:ofjsofbFWBfls:jsWCfQjZWCbH"
"pic2.png",7,7,"ylMF%n00%#Mwo}wbtRS|WCWEM{a$s.WBR*bbWBbHflaxt7Rjofs.R*R+axR+s:ofjsofbFWBfls:jsWCfQjZWCbHWVf8j@jsjsa|ay"
"pic2.png",7,8,".lMF%n00%#Mwo}wbtRS|WCWEM{a$s.WBR*bbWBbHflaxt7Rjofs.R*R+axR+s:ofjsofbFWBfls:jsWCfQjZWCbHWVf8j@jsjsa|ayoLj[azj?j[f6oL"
"pic2.png",8,1,"7lMF%n00%#Mwo}wbtRjF"
"pic2.png",8,2,"GlMF%n00%#Mwo}wbtRjFS|WCWEM{a$s.WBaz"
"pic2.png",8,3,"PlMF%n00%#Mwo}wbtRjFS|WCWEM{a$s.WBazR*bbWBbHflaxt7ae"
"pic2.png",8,4,"YlMF%n00%#Mwo}wbtRjFS|WCWEM{a$s.WBazR*bbWBbHflaxt7aeRjofs.R*R+axR+WB"
"pic2.png",8,5,"hlMF%n00%#Mwo}wbtRjFS|WCWEM{a$s.WBazR*bbWBbHflaxt7aeRjofs.R*R+axR+WBs:ofjsofbFWBflfj"
"pic2.png",8,6,"qlMF%n00%#Mwo}wbtRjFS|WCWEM{a$s.WBazR*bbWBbHflaxt7aeRjofs.R*R+axR+WBs:ofjsofbFWBflfjs:jsWCfQjZWCbHkC"
"pic2.png",8,7,"zlMF%n00%#Mwo}wbtRjFS|WCWEM{a$s.WBazR*bbWBbHflaxt7aeRjofs.R*R+axR+WBs:ofjsofbFWBflfjs:jsWCfQjZWCbHkCWVf8j@jsjsa|ayj@"
"pic2.png",8,8,":lMF%n00%#Mwo}wbtRjFS|WCWEM{a$s.WBazR*bbWBbHflaxt7aeRjofs.R*R+axR+WBs:ofjsofbFWBflfjs:jsWCfQjZWCbHkCWVf8j@jsjsa|ayj@oLj[azj?j[f6oLay"
"pic3.png",1,1,"009jAf"
"pic3.png",1,2,"909jAf@E"
"pic3.png",1,3,"I59jAfrq0."
"pic3.png",1,4,"R59jAfrq0.5R"
"pic3.png",1,5,"a59jAfrq0.5RIt"
"pic3.png",1,6,"j59jAfrq0.5RIt%1"
"pic3.png",1,7,"s59jAfrq0.5RIt%1$$"
"pic3.png",1,8,"$59jAfrq0.5RIt%1$$ah"
"pic3.png",2,1,"119jAf4T"
"pic3.png",2,2,"A19jAf4T*{~R"
"pic3.png",2,3,"J59jAfIUrq-T0.S2"
"pic3.png",2,4,"S59jAfIUrq-T0.S25RER"
"pic3.png",2,5,"b59jAfIUrq-T0.S25RERItob"
"pic3.png",2,6,"k59jAfIUrq-T0.S25RERItob%1bH"
"pic3.png",2,7,"t59jAfIUrq-T0.S25RERItob%1bH$$o2"
"pic3.png",2,8,"%59jAfIUrq-T0.S25RERItob%1bH$$o2ahxZ"
"pic3.png",3,1,"299jAfM{13"
"pic3.png",3,2,"B99jAfM{13nOxZI="
"pic3.png",3,3,"K99jAfM{13nOxZI=9~WV-P"
"pic3.png",3,4,"T99jAfM{13nOxZI=9~WV-PEMNK-T"
"pic3.png",3,5,"c99jAfM{13nOxZI=9~WV-PEMNK-TNKj=j?"
"pic3.png",3,6,"l99jAfM{13nOxZI=9~WV-PEMNK-TNKj=j?xZbHR*"
"pic3.png",3,7,"u99jAfM{13nOxZI=9~WV-PEMNK-TNKj=j?xZbHR*xYo1R+"
"pic3.png",3,8,"*99jAfM{13nOxZI=9~WV-PEMNK-TNKj=j?xZbHR*xYo1R+a#s:ay"
"pic3.png",4,1,"399jAfM{13Ef"
"pic3.png",4,2,"C99jAfM{13EfnOxZI=It"
"pic3.png",4,3,"L99jAfM{13EfnOxZI=It9~WV-PxF"
"pic3.png",4,4,"U99jAfM{13EfnOxZI=It9~WV-PxFEMNK-T-S"
"pic3.png",4,5,"d99jAfM{13EfnOxZI=It9~WV-PxFEMNK-T-SNKj=j?oM"
"pic3.png",4,6,"m99jAfM{13EfnOxZI=It9~WV-PxFEMNK-T-SNKj=j?oMxZbHR*ay"
"pic3.png",4,7,"v99jAfM{13EfnOxZI=It9~WV-PxFEMNK-T-SNKj=j?oMxZbHR*ayxYo1R+WX"
"pic3.png",4,8,"+99jAfM{13EfnOxZI=It9~WV-PxFEMNK-T-SNKj=j?oMxZbHR*ayxYo1R+WXa#s:ayRk"
"pic3.png",5,1,"499jAfM{13Efwe"
"pic3.png",5,2,"D99jAfM{13EfwenOxZI=ItxV"
"pic3.png",5,3,"M99jAfM{13EfwenOxZI=ItxV9~WV-PxFNb"
"pic3.png",5,4,"V99jAfM{13EfwenOxZI=ItxV9~WV-PxFNbEMNK-T-SIt"
"pic3.png",5,5,"e99jAfM{13EfwenOxZI=ItxV9~WV-PxFNbEMNK-T-SItNKj=j?oMxY"
"pic3.png",5,6,"n99jAfM{13EfwenOxZI=ItxV9~WV-PxFNbEMNK-T-SItNKj=j?oMxYxZbHR*ayj["
"pic3.png",5,7,"w99jAfM{13EfwenOxZI=ItxV9~WV-PxFNbEMNK-T-SItNKj=j?oMxYxZbHR*ayj[xYo1R+WXWC"
"pic3.png",5,8,",99jAfM{13EfwenOxZI=ItxV9~WV-PxFNbEMNK-T-SItNKj=j?oMxYxZbHR*ayj[xYo1R+WXWCa#s:ayRkof"
"pic3.png",6,1,"599jAfM{13Efwe=^"
"pic3.png",6,2,"E99jAfM{13Efwe=^nOxZI=ItxVs:"
"pic3.png",6,3,"N99jAfM{13Efwe=^nOxZI=ItxVs:9~WV-PxFNbNI"
"pic3.png",6,4,"W99jAfM{13Efwe=^nOxZI=ItxVs:9~WV-PxFNbNIEMNK-T-SItNH"
"pic3.png",6,5,"f99jAfM{13Efwe=^nOxZI=ItxVs:9~WV-PxFNbNIEMNK-T-SItNHNKj=j?oMxYNI"
"pic3.png",6,6,"o99jAfM{13Efwe=^nOxZI=ItxVs:9~WV-PxFNbNIEMNK-T-SItNHNKj=j?oMxYNIxZbHR*ayj[oe"
"pic3.png",6,7,"x99jAfM{13Efwe=^nOxZI=ItxVs:9~WV-PxFNbNIEMNK-T-SItNHNKj=j?oMxYNIxZbHR*ayj[oexYo1R+WXWCoL"
"pic3.png",6,8,"-99jAfM{13Efwe=^nOxZI=ItxVs:9~WV-PxFNbNIEMNK-T-SItNHNKj=j?oMxYNIxZbHR*ayj[oexYo1R+WXWCoLa#s:ayRkofj["
"pic3.png",7,1,"699jAfM{13Efwe=^bF"
"pic3.png",7,2,"F99jAfM{13Efwe=^bFnOxZI=ItxVs:j]"
"pic3.png",7,3,"O99jAfM{13Efwe=^bFnOxZI=ItxVs:j]9~WV-PxFNbNIn+"
"pic3.png",7,4,"X99jAfM{13Efwe=^bFnOxZI=ItxVs:j]9~WV-PxFNbNIn+EMNK-T-SItNHfi"
"pic3.png",7,5,"g99jAfM{13Efwe=^bFnOxZI=ItxVs:j]9~WV-PxFNbNIn+EMNK-T-SItNHfiNKj=j?oMxYNIR+"
"pic3.png",7,6,"p99jAfM{13Efwe=^bFnOxZI=ItxVs:j]9~WV-PxFNbNIn+EMNK-T-SItNHfiNKj=j?oMxYNIR+xZbHR*ayj[oeWC"
"pic3.png",7,7,"y99jAfM{13Efwe=^bFnOxZI=ItxVs:j]9~WV-PxFNbNIn+EMNK-T-SItNHfiNKj=j?oMxYNIR+xZbHR*ayj[oeWCxYo1R+WXWCoLt6"
"pic3.png",7,8,".99jAfM{13Efwe=^bFnOxZI=ItxVs:j]9~WV-PxFNbNIn+EMNK-T-SItNHfiNKj=j?oMxYNIR+xZbHR*ayj[oeWCxYo1R+WXWCoLt6a#s:ayRkofj[js"
"pic3.png",8,1,"799jAfM{13Efwe=^bFIr"
"pic3.png",8,2,"G99jAfM{13Efwe=^bFIrnOxZI=ItxVs:j]a_"
"pic3.png",8,3,"P99jAfM{13Efwe=^bFIrnOxZI=ItxVs:j]a_9~WV-PxFNbNIn+s."
"pic3.png",8,4,"Y99jAfM{13Efwe=^bFIrnOxZI=ItxVs:j]a_9~WV-PxFNbNIn+s.EMNK-T-SItNHfia$"
"pic3.png",8,5,"h99jAfM{13Efwe=^bFIrnOxZI=ItxVs:j]a_9~WV-PxFNbNIn+s.EMNK-T-SItNHfia$NKj=j?oMxYNIR+s."
"pic3.png",8,6,"q99jAfM{13Efwe=^bFIrnOxZI=ItxVs:j]a_9~WV-PxFNbNIn+s.EMNK-T-SItNHfia$NKj=j?oMxYNIR+s.xZbHR*ayj[oeWCoL"
"pic3.png",8,7,"z99jAfM{13Efwe=^bFIrnOxZI=ItxVs:j]a_9~WV-PxFNbNIn+s.EMNK-T-SItNHfia$NKj=j?oMxYNIR+s.xZbHR*ayj[oeWCoLxYo1R+WXWCoLt6jZ"
"pic3.png",8,8,":99jAfM{13Efwe=^bFIrnOxZI=ItxVs:j]a_9~WV-PxFNbNIn+s.EMNK-T-SItNHfia$NKj=j?oMxYNIR+s.xZbHR*ayj[oeWCoLxYo1R+WXWCoLt6jZa#s:ayRkofj[jsj["
"pic4.png",1,1,"008ia?"
"pic4.png",1,2,"908ia?tk"
"pic4.png",1,3,"I08ia?tkfQ"
"pic4.png",1,4,"R08ia?tkfQtk"
"pic4.png",1,5,"a08ia?tkfQtkfQ"
"pic4.png",1,6,"j08ia?tkfQtkfQtk"
"pic4.png",1,7,"s08ia?tkfQtkfQtkfQ"
"pic4.png",1,8,"$08ia?tkfQtkfQtkfQtk"
"pic4.png",2,1,"108ia?o|"
"pic4.png",2,2,"A08ia?o|tkfQ"
"pic4.png",2,3,"J08ia?o|tkfQfQfQ"
"pic4.png",2,4,"S08ia?o|tkfQfQfQtkfQ"
"pic4.png",2,5,"b08ia?o|tkfQfQfQtkfQfQfQ"
"pic4.png",2,6,"k08ia?o|tkfQfQfQtkfQfQfQtkfQ"
"pic4.png",2,7,"t08ia?o|tkfQfQfQtkfQfQfQtkfQfQfQ"
"pic4.png",2,8,"%08ia?o|tkfQfQfQtkfQfQfQtkfQfQfQtkfQ"
"pic4.png",3,1,"208ia?o|fQ"
"pic4.png",3,2,"B08ia?o|fQtkfQfQ"
"pic4.png",3,3,"K08ia?o|fQtkfQfQfQfQfQ"
"pic4.png",3,4,"T08ia?o|fQtkfQfQfQfQfQtkfQfQ"
"pic4.png",3,5,"c08ia?o|fQtkfQfQfQfQfQtkfQfQfQfQfQ"
"pic4.png",3,6,"l08ia?o|fQtkfQfQfQfQfQtkfQfQfQfQfQtkfQfQ"
"pic4.png",3,7,"u08ia?o|fQtkfQfQfQfQfQtkfQfQfQfQfQtkfQfQfQfQfQ"
"pic4.png",3,8,"*08ia?o|fQtkfQfQfQfQfQtkfQfQfQfQfQtkfQfQfQfQfQtkfQfQ"
"pic4.png",4,1,"308ia?o|fQo|"
"pic4.png",4,2,"C08ia?o|fQo|tkfQfQfQ"
"pic4.png",4,3,"L08ia?o|fQo|tkfQfQfQfQfQfQfQ"
"pic4.png",4,4,"U08ia?o|fQo|tkfQfQfQfQfQfQfQtkfQfQfQ"
"pic4.png",4,5,"d08ia?o|fQo|tkfQfQfQfQfQfQfQtkfQfQfQfQfQfQfQ"
"pic4.png",4,6,"m08ia?o|fQo|tkfQfQfQfQfQfQfQtkfQfQfQfQfQfQfQtkfQfQfQ"
"pic4.png",4,7,"v08ia?o|fQo|tkfQfQfQfQfQfQfQtkfQfQfQfQfQfQfQtkfQfQfQfQfQfQfQ"
"pic4.png",4,8,"+08ia?o|fQo|tkfQfQfQfQfQfQfQtkfQfQfQfQfQfQfQtkfQfQfQfQfQfQfQtkfQfQfQ"
"pic4.png",5,1,"408ia?o|fQo|fQ"
"pic4.png",5,2,"D08ia?o|fQo|fQtkfQfQfQfQ"
"pic4.png",5,3,"M08ia?o|fQo|fQtkfQfQfQfQfQfQfQfQfQ"
"pic4.png",5,4,"V08ia?o|fQo|fQtkfQfQfQfQfQfQfQfQfQtkfQfQfQfQ"
"pic4.png",5,5,"e08ia?o|fQo|fQtkfQfQfQfQfQfQfQfQfQtkfQfQfQfQfQfQfQfQfQ"
"pic4.png",5,6,"n08ia?o|fQo|fQtkfQfQfQfQfQfQfQfQfQtkfQfQfQfQfQfQfQfQfQtkfQfQfQfQ"
"pic4.png",5,7,"w08ia?o|fQo|fQtkfQfQfQfQfQfQfQfQfQtkfQfQfQfQfQfQfQfQfQtkfQfQfQfQfQfQfQfQfQ"
"pic4.png",5,8,",08ia?o|fQo|fQtkfQfQfQfQfQfQfQfQfQtkfQfQfQfQfQfQfQfQfQtkfQfQfQfQfQfQfQfQfQtkfQfQfQfQ"
"pic4.png",6,1,"508ia?o|fQo|fQo|"
"pic4.png",6,2,"E08ia?o|fQo|fQo|tkfQfQfQfQfQ"
"pic4.png",6,3,"N08ia?o|fQo|fQo|tkfQfQfQfQfQfQfQfQfQfQfQ"
"pic4.png",6,4,"W08ia?o|fQo|fQo|tkfQfQfQfQfQfQfQfQfQfQfQtkfQfQfQfQfQ"
"pic4.png",6,5,"f08ia?o|fQo|fQo|tkfQfQfQfQfQfQfQfQfQfQfQtkfQfQfQfQfQfQfQfQfQfQfQ"
"pic4.png",6,6,"o08ia?o|fQo|fQo|tkfQfQfQfQfQfQfQfQfQfQfQtkfQfQfQfQfQfQfQfQfQfQfQtkfQfQfQfQfQ"
"pic4.png",6,7,"x08ia?o|fQo|fQo|tkfQfQfQfQfQfQfQfQfQfQfQtkfQfQfQfQfQfQfQfQfQfQfQtkfQfQfQfQfQfQfQfQfQfQfQ"
"pic4.png",6,8,"-08ia?o|fQo|fQo|tkfQfQfQfQfQfQfQfQfQfQfQtkfQfQfQfQfQfQfQfQfQfQfQtkfQfQfQfQfQfQfQfQfQfQfQtkfQfQfQfQfQ"
"pic4.png",7,1,"608ia?o|fQo|fQo|fQ"
"pic4.png",7,2,"F08ia?o|fQo|fQo|fQtkfQfQfQfQfQfQ"
"pic4.png",7,3,"O08ia?o|fQo|fQo|fQtkfQfQfQfQfQfQfQfQfQfQfQfQfQ"
"pic4.png",7,4,"X08ia?o|fQo|fQo|fQtkfQfQfQfQfQfQfQfQfQfQfQfQfQtkfQfQfQfQfQfQ"
"pic4.png",7,5,"g08ia?o|fQo|fQo|fQtkfQfQfQfQfQfQfQfQfQfQfQfQfQtkfQfQfQfQfQfQfQfQfQfQfQfQfQ"
"pic4.png",7,6,"p08ia?o|fQo|fQo|fQtkfQfQfQfQfQfQfQfQfQfQfQfQfQtkfQfQfQfQfQfQfQfQfQfQfQfQfQtkfQfQfQfQfQfQ"
"pic4.png",7,7,"y08ia?o|fQo|fQo|fQtkfQfQfQfQfQfQfQfQfQfQfQfQfQtkfQfQfQfQfQfQfQfQfQfQfQfQfQtkfQfQfQfQfQfQfQfQfQfQfQfQfQ"
"pic4.png",7,8,".08ia?o|fQo|fQo|fQtkfQfQfQfQfQfQfQfQfQfQfQfQfQtkfQfQfQfQfQfQfQfQfQfQfQfQfQtkfQfQfQfQfQfQfQfQfQfQfQfQfQtkfQfQfQfQfQfQ"
"pic4.png",8,1,"708ia?o|fQo|fQo|fQo|"
"pic4.png",8,2,"G08ia?o|fQo|fQo|fQo|tkfQfQfQfQfQfQfQ"
"pic4.png",8,3,"P08ia?o|fQo|fQo|fQo|tkfQfQfQfQfQfQfQfQfQfQfQfQfQfQfQ"
"pic4.png",8,4,"Y08ia?o|fQo|fQo|fQo|tkfQfQfQfQfQfQfQfQfQfQfQfQfQfQfQtkfQfQfQfQfQfQfQ"
"pic4.png",8,5,"h08ia?o|fQo|fQo|fQo|tkfQfQfQfQfQfQfQfQfQfQfQfQfQfQfQtkfQfQfQfQfQfQfQfQfQfQfQfQfQfQfQ"
"pic4.png",8,6,"q08ia?o|fQo|fQo|fQo|tkfQfQfQfQfQfQfQfQfQfQfQfQfQfQfQtkfQfQfQfQfQfQfQfQfQfQfQfQfQfQfQtkfQfQfQfQfQfQfQ"
"pic4.png",8,7,"z08ia?o|fQo|fQo|fQo|tkfQfQfQfQfQfQfQfQfQfQfQfQfQfQfQtkfQfQfQfQfQfQfQfQfQfQfQfQfQfQfQtkfQfQfQfQfQfQfQfQfQfQfQfQfQfQfQ"
"pic4.png",8,8,":08ia?o|fQo|fQo|fQo|tkfQfQfQfQfQfQfQfQfQfQfQfQfQfQfQtkfQfQfQfQfQfQfQfQfQfQfQfQfQfQfQtkfQfQfQfQfQfQfQfQfQfQfQfQfQfQfQtkfQfQfQfQfQfQfQ"
"pic5.png",1,1,"00HV9w"
"pic5.png",1,2,"9%HV9w~q"
"pic5.png",1,3,"I%HV9w~q%M"
"pic5.png",1,4,"R%HV9w~q%Mt7"
"pic5.png",1,5,"a%HV9w~q%Mt7t7"
"pic5.png",1,6,"j%HV9w~q%Mt7t7of"
"pic5.png",1,7,"s%HV9w~q%Mt7t7ofof"
"pic5.png",1,8,"$%HV9w~q%Mt7t7ofofof"
"pic5.png",2,1,"10HV9w%M"
"pic5.png",2,2,"A%HV9wj[~qfQ"
"pic5.png",2,3,"J%HV9wj[~qfQ%MfQ"
"pic5.png",2,4,"S%HV9wj[~qfQ%MfQt7fQ"
"pic5.png",2,5,"b%HV9wj[~qfQ%MfQt7fQt7fQ"
"pic5.png",2,6,"k%HV9wj[~qfQ%MfQt7fQt7fQoffQ"
"pic5.png",2,7,"t%HV9wj[~qfQ%MfQt7fQt7fQoffQoffQ"
"pic5.png",2,8,"%%HV9wj[~qfQ%MfQt7fQt7fQoffQoffQoffQ"
"pic5.png",3,1,"20HV9w%MfQ"
"pic5.png",3,2,"B%HV9wj[fQ~qfQfQ"
"pic5.png",3,3,"K%HV9wj[fQ~qfQfQ%MfQfQ"
"pic5.png",3,4,"T%HV9wj[fQ~qfQfQ%MfQfQt7fQfQ"
"pic5.png",3,5,"c%HV9wj[fQ~qfQfQ%MfQfQt7fQfQt7fQfQ"
"pic5.png",3,6,"l%HV9wj[fQ~qfQfQ%MfQfQt7fQfQt7fQfQoffQfQ"
"pic5.png",3,7,"u%HV9wj[fQ~qfQfQ%MfQfQt7fQfQt7fQfQoffQfQoffQfQ"
"pic5.png",3,8,"*%HV9wj[fQ~qfQfQ%MfQfQt7fQfQt7fQfQoffQfQoffQfQoffQfQ"
"pic5.png",4,1,"30HV9w%MfQ%M"
"pic5.png",4,2,"C%HV9wj[fQj[~qfQfQfQ"
"pic5.png",4,3,"L%HV9wj[fQj[~qfQfQfQ%MfQfQfQ"
"pic5.png",4,4,"U%HV9wj[fQj[~qfQfQfQ%MfQfQfQt7fQfQfQ"
"pic5.png",4,5,"d%HV9wj[fQj[~qfQfQfQ%MfQfQfQt7fQfQfQt7fQfQfQ"
"pic5.png",4,6,"m%HV9wj[fQj[~qfQfQfQ%MfQfQfQt7fQfQfQt7fQfQfQoffQfQfQ"
"pic5.png",4,7,"v%HV9wj[fQj[~qfQfQfQ%MfQfQfQt7fQfQfQt7fQfQfQoffQfQfQoffQfQfQ"
"pic5.png",4,8,"+%HV9wj[fQj[~qfQfQfQ%MfQfQfQt7fQfQfQt7fQfQfQoffQfQfQoffQfQfQoffQfQfQ"
"pic5.png",5,1,"40HV9w%MfQ%MfQ"
"pic5.png",5,2,"D%HV9wj[fQj[fQ~qfQfQfQfQ"
"pic5.png",5,3,"M%HV9wj[fQj[fQ~qfQfQfQfQ%MfQfQfQfQ"
"pic5.png",5,4,"V%HV9wj[fQj[fQ~qfQfQfQfQ%MfQfQfQfQt7fQfQfQfQ"
"pic5.png",5,5,"e%HV9wj[fQj[fQ~qfQfQfQfQ%MfQfQfQfQt7fQfQfQfQt7fQfQfQfQ"
"pic5.png",5,6,"n%HV9wj[fQj[fQ~qfQfQfQfQ%MfQfQfQfQt7fQfQfQfQt7fQfQfQfQoffQfQfQfQ"
"pic5.png",5,7,"w%HV9wj[fQj[fQ~qfQfQfQfQ%MfQfQfQfQt7fQfQfQfQt7fQfQfQfQoffQfQfQfQoffQfQfQfQ"
"pic5.png",5,8,",%HV9wj[fQj[fQ~qfQfQfQfQ%MfQfQfQfQt7fQfQfQfQt7fQfQfQfQoffQfQfQfQoffQfQfQfQoffQfQfQfQ"
"pic5.png",6,1,"50HV9w%MfQ%MfQ%M"
"pic5.png",6,2,"E%HV9wj[fQj[fQj[~qfQfQfQfQfQ"
"pic5.png",6,3,"N%HV9wj[fQj[fQj[~qfQfQfQfQfQ%MfQfQfQfQfQ"
"pic5.png",6,4,"W%HV9wj[fQj[fQj[~qfQfQfQfQfQ%MfQfQfQfQfQt7fQfQfQfQfQ"
"pic5.png",6,5,"f%HV9wj[fQj[fQj[~qfQfQfQfQfQ%MfQfQfQfQfQt7fQfQfQfQfQt7fQfQfQfQfQ"
"pic5.png",6,6,"o%HV9wj[fQj[fQj[~qfQfQfQfQfQ%MfQfQfQfQfQt7fQfQfQfQfQt7fQfQfQfQfQoffQfQfQfQfQ"
"pic5.png",6,7,"x%HV9wj[fQj[fQj[~qfQfQfQfQfQ%MfQfQfQfQfQt7fQfQfQfQfQt7fQfQfQfQfQoffQfQfQfQfQoffQfQfQfQfQ"
"pic5.png",6,8,"-%HV9wj[fQj[fQj[~qfQfQfQfQfQ%MfQfQfQfQfQt7fQfQfQfQfQt7fQfQfQfQfQoffQfQfQfQfQoffQfQfQfQfQoffQfQfQfQfQ"
"pic5.png",7,1,"60HV9w%MfQ%MfQ%MfQ"
"pic5.png",7,2,"F%HV9wj[fQj[fQj[fQ~qfQfQfQfQfQfQ"
"pic5.png",7,3,"O%HV9wj[fQj[fQj[fQ~qfQfQfQfQfQfQ%MfQfQfQfQfQfQ"
"pic5.png",7,4,"X%HV9wj[fQj[fQj[fQ~qfQfQfQfQfQfQ%MfQfQfQfQfQfQt7fQfQfQfQfQfQ"
"pic5.png",7,5,"g%HV9wj[fQj[fQj[fQ~qfQfQfQfQfQfQ%MfQfQfQfQfQfQt7fQfQfQfQfQfQt7fQfQfQfQfQfQ"
"pic5.png",7,6,"p%HV9wj[fQj[fQj[fQ~qfQfQfQfQfQfQ%MfQfQfQfQfQfQt7fQfQfQfQfQfQt7fQfQfQfQfQfQoffQfQfQfQfQfQ"
"pic5.png",7,7,"y%HV9wj[fQj[fQj[fQ~qfQfQfQfQfQfQ%MfQfQfQfQfQfQt7fQfQfQfQfQfQt7fQfQfQfQfQfQoffQfQfQfQfQfQoffQfQfQfQfQfQ"
"pic5.png",7,8,".%HV9wj[fQj[fQj[fQ~qfQfQfQfQfQfQ%MfQfQfQfQfQfQt7fQfQfQfQfQfQt7fQfQfQfQfQfQoffQfQfQfQfQfQoffQfQfQfQfQfQoffQfQfQfQfQfQ"
"pic5.png",8,1,"70HV9w%MfQ%MfQ%MfQ%M"
"pic5.png",8,2,"G%HV9wj[fQj[fQj[fQj[~qfQfQfQfQfQfQfQ"
"pic5.png",8,3,"P%HV9wj[fQj[fQj[fQj[~qfQfQfQfQfQfQfQ%MfQfQfQfQfQfQfQ"
"pic5.png",8,4,"Y%HV9wj[fQj[fQj[fQj[~qfQfQfQfQfQfQfQ%MfQfQfQfQfQfQfQt7fQfQfQfQfQfQfQ"
"pic5.png",8,5,"h%HV9wj[fQj[fQj[fQj[~qfQfQfQfQfQfQfQ%MfQfQfQfQfQfQfQt7fQfQfQfQfQfQfQt7fQfQfQfQfQfQfQ"
"pic5.png",8,6,"q%HV9wj[fQj[fQj[fQj[~qfQfQfQfQfQfQfQ%MfQfQfQfQfQfQfQt7fQfQfQfQfQfQfQt7fQfQfQfQfQfQfQoffQfQfQfQfQfQfQ"
"pic5.png",8,7,"z%HV9wj[fQj[fQj[fQj[~qfQfQfQfQfQfQfQ%MfQfQfQfQfQfQfQt7fQfQfQfQfQfQfQt7fQfQfQfQfQfQfQoffQfQfQfQfQfQfQoffQfQfQfQfQfQfQ"
"pic5.png",8,8,":%HV9wj[fQj[fQj[fQj[~qfQfQfQfQfQfQfQ%MfQfQfQfQfQfQfQt7fQfQfQfQfQfQfQt7fQfQfQfQfQfQfQoffQfQfQfQfQfQfQoffQfQfQfQfQfQfQoffQfQfQfQfQfQfQ"
"pic6.png",1,1,"00N^0d"
"pic6.png",1,2,"9QN^0d~q"
"pic6.png",1,3,"IQN^0d~qxb"
"pic6.png",1,4,"RQN^0d~qxbS~"
"pic6.png",1,5,"aQN^0d~qxbS~b]"
"pic6.png",1,6,"jQN^0d~qxbS~b]%N"
"pic6.png",1,7,"sQN^0d~qxbS~b]%NM|"
"pic6.png",1,8,"$QN^0d~qxbS~b]%NM|t8"
"pic6.png",2,1,"1BN^0d~D"
"pic6.png",2,2,"AQN^0d-p~qR%"
"pic6.png",2,3,"JQN^0d-p~qR%xbX8"
"pic6.png",2,4,"SQN^0d-p~qR%xbX8S~aK"
"pic6.png",2,5,"bQN^0d-p~qR%xbX8S~aKb]a$"
"pic6.png",2,6,"kQN^0d-p~qR%xbX8S~aKb]a$%NRk"
"pic6.png",2,7,"tQN^0d-p~qR%xbX8S~aKb]a$%NRkM|fk"
"pic6.png",2,8,"%QN^0d-p~qR%xbX8S~aKb]a$%NRkM|fkt8WC"
"pic6.png",3,1,"2#N^0dxa?w"
"pic6.png",3,2,"B#N^0dxa?w-;WBf,"
"pic6.png",3,3,"K#N^0dxa?w-;WBf,s;baR*"
"pic6.png",3,4,"T#N^0dxa?w-;WBf,s;baR*X8aeWB"
"pic6.png",3,5,"c#N^0dxa?w-;WBf,s;baR*X8aeWBbua#jF"
"pic6.png",3,6,"l#N^0dxa?w-;WBf,s;baR*X8aeWBbua#jFtRWBWB"
"pic6.png",3,7,"u#N^0dxa?w-;WBf,s;baR*X8aeWBbua#jFtRWBWBR*fkf5"
"pic6.png",3,8,"*#N^0dxa?w-;WBf,s;baR*X8aeWBbua#jFtRWBWBR*fkf5ogayj["
"pic6.png",4,1,"3#N^0dxa?wNa"
"pic6.png",4,2,"C#N^0dxa?wNa-;WBf,WB"
"pic6.png",4,3,"L#N^0dxa?wNa-;WBf,WBs;baR*af"
"pic6.png",4,4,"U#N^0dxa?wNa-;WBf,WBs;baR*afX8aeWBoL"
"pic6.png",4,5,"d#N^0dxa?wNa-;WBf,WBs;baR*afX8aeWBoLbua#jFoe"
"pic6.png",4,6,"m#N^0dxa?wNa-;WBf,WBs;baR*afX8aeWBoLbua#jFoetRWBWBoe"
"pic6.png",4,7,"v#N^0dxa?wNa-;WBf,WBs;baR*afX8aeWBoLbua#jFoetRWBWBoeR*fkf5j["
"pic6.png",4,8,"+#N^0dxa?wNa-;WBf,WBs;baR*afX8aeWBoLbua#jFoetRWBWBoeR*fkf5j[ogayj[oL"
"pic6.png",5,1,"4#N^0dxa?wNaof"
"pic6.png",5,2,"D#N^0dxa?wNaof-;WBf,WBMx"
"pic6.png",5,3,"M#N^0dxa?wNaof-;WBf,WBMxs;baR*afn$"
"pic6.png",5,4,"V#N^0dxa?wNaof-;WBf,WBMxs;baR*afn$X8aeWBoLjY"
"pic6.png",5,5,"e#N^0dxa?wNaof-;WBf,WBMxs;baR*afn$X8aeWBoLjYbua#jFoeR+"
"pic6.png",5,6,"n#N^0dxa?wNaof-;WBf,WBMxs;baR*afn$X8aeWBoLjYbua#jFoeR+tRWBWBoeoe"
"pic6.png",5,7,"w#N^0dxa?wNaof-;WBf,WBMxs;baR*afn$X8aeWBoLjYbua#jFoeR+tRWBWBoeoeR*fkf5j[a}"
"pic6.png",5,8,",#N^0dxa?wNaof-;WBf,WBMxs;baR*afn$X8aeWBoLjYbua#jFoeR+tRWBWBoeoeR*fkf5j[a}ogayj[oLof"
"pic6.png",6,1,"5#N^0dxa?wNaofsl"
"pic6.png",6,2,"E#N^0dxa?wNaofsl-;WBf,WBMxoK"
"pic6.png",6,3,"N#N^0dxa?wNaofsl-;WBf,WBMxoKs;baR*afn$s:"
"pic6.png",6,4,"W#N^0dxa?wNaofsl-;WBf,WBMxoKs;baR*afn$s:X8aeWBoLjYf+"
"pic6.png",6,5,"f#N^0dxa?wNaofsl-;WBf,WBMxoKs;baR*afn$s:X8aeWBoLjYf+bua#jFoeR+WC"
"pic6.png",6,6,"o#N^0dxa?wNaofsl-;WBf,WBMxoKs;baR*afn$s:X8aeWBoLjYf+bua#jFoeR+WCtRWBWBoeoeju"
"pic6.png",6,7,"x#N^0dxa?wNaofsl-;WBf,WBMxoKs;baR*afn$s:X8aeWBoLjYf+bua#jFoeR+WCtRWBWBoeoejuR*fkf5j[a}a#"
"pic6.png",6,8,"-#N^0dxa?wNaofsl-;WBf,WBMxoKs;baR*afn$s:X8aeWBoLjYf+bua#jFoeR+WCtRWBWBoeoejuR*fkf5j[a}a#ogayj[oLofWB"
"pic6.png",7,1,"6#N^0dxa?wNaofsls;"
"pic6.png",7,2,"F#N^0dxa?wNaofsls;-;WBf,WBMxoKWA"
"pic6.png",7,3,"O#N^0dxa?wNaofsls;-;WBf,WBMxoKWAs;baR*afn$s:W="
"pic6.png",7,4,"X#N^0dxa?wNaofsls;-;WBf,WBMxoKWAs;baR*afn$s:W=X8aeWBoLjYf+t7"
"pic6.png",7,5,"g#N^0dxa?wNaofsls;-;WBf,WBMxoKWAs;baR*afn$s:W=X8aeWBoLjYf+t7bua#jFoeR+WCof"
"pic6.png",7,6,"p#N^0dxa?wNaofsls;-;WBf,WBMxoKWAs;baR*afn$s:W=X8aeWBoLjYf+t7bua#jFoeR+WCoftRWBWBoeoejubb"
"pic6.png",7,7,"y#N^0dxa?wNaofsls;-;WBf,WBMxoKWAs;baR*afn$s:W=X8aeWBoLjYf+t7bua#jFoeR+WCoftRWBWBoeoejubbR*fkf5j[a}a#j["
"pic6.png",7,8,".#N^0dxa?wNaofsls;-;WBf,WBMxoKWAs;baR*afn$s:W=X8aeWBoLjYf+t7bua#jFoeR+WCoftRWBWBoeoejubbR*fkf5j[a}a#j[ogayj[oLofWBWB"
"pic6.png",8,1,"7#N^0dxa?wNaofsls;Sg"
"pic6.png",8,2,"G#N^0dxa?wNaofsls;Sg-;WBf,WBMxoKWAkC"
"pic6.png",8,3,"P#N^0dxa?wNaofsls;Sg-;WBf,WBMxoKWAkCs;baR*afn$s:W=e."
"pic6.png",8,4,"Y#N^0dxa?wNaofsls;Sg-;WBf,WBMxoKWAkCs;baR*afn$s:W=e.X8aeWBoLjYf+t7Rk"
"pic6.png",8,5,"h#N^0dxa?wNaofsls;Sg-;WBf,WBMxoKWAkCs;baR*afn$s:W=e.X8aeWBoLjYf+t7Rkbua#jFoeR+WCofjZ"
"pic6.png",8,6,"q#N^0dxa?wNaofsls;Sg-;WBf,WBMxoKWAkCs;baR*afn$s:W=e.X8aeWBoLjYf+t7Rkbua#jFoeR+WCofjZtRWBWBoeoejubbWU"
"pic6.png",8,7,"z#N^0dxa?wNaofsls;Sg-;WBf,WBMxoKWAkCs;baR*afn$s:W=e.X8aeWBoLjYf+t7Rkbua#jFoeR+WCofjZtRWBWBoeoejubbWUR*fkf5j[a}a#j[of"
"pic6.png",8,8,":#N^0dxa?wNaofsls;Sg-;WBf,WBMxoKWAkCs;baR*afn$s:W=e.X8aeWBoLjYf+t7Rkbua#jFoeR+WCofjZtRWBWBoeoejubbWUR*fkf5j[a}a#j[ofogayj[oLofWBWBaf"